,Start Date,End Date,Approving,Disapproving,Unsure/NoData,Approve_rolling,Disapprove_rolling,Unsure_rolling,Approve_change,Disapprove_change,Unsure_change
0,12/5/1963,12/10/1963,78,2,20,75.5,4.5,20.0,-3.3112582781456954,55.55555555555556,0.0
1,12/12/1963,12/17/1963,74,4,22,76.5,6.5,17.0,3.2679738562091507,38.46153846153847,-29.411764705882355
2,1/2/1964,1/7/1964,77,5,18,74.5,8.5,17.0,-3.3557046979865772,41.17647058823529,-5.88235294117647
3,1/30/1964,2/5/1964,76,8,16,76.0,9.0,15.0,0.0,11.11111111111111,-6.666666666666667
4,2/13/1964,2/18/1964,73,9,18,78.0,9.0,13.0,6.41025641025641,0.0,-38.46153846153847
5,2/28/1964,3/4/1964,79,9,12,76.0,10.5,13.5,-3.9473684210526314,14.285714285714285,11.11111111111111
6,3/13/1964,3/18/1964,77,9,14,75.0,11.5,13.5,-2.666666666666667,21.73913043478261,-3.7037037037037033
7,3/27/1964,4/1/1964,75,12,13,75.0,10.5,14.5,0.0,-14.285714285714285,10.344827586206897
8,4/24/1964,4/29/1964,75,11,14,74.5,11.5,14.0,-0.6711409395973155,4.3478260869565215,0.0
9,5/6/1964,5/11/1964,75,10,15,74.0,12.5,13.5,-1.3513513513513513,20.0,-11.11111111111111
10,5/22/1964,5/27/1964,74,13,13,74.0,13.0,13.0,0.0,0.0,0.0
11,6/4/1964,6/9/1964,74,12,14,74.0,14.5,11.5,0.0,17.24137931034483,-21.73913043478261
12,6/11/1964,6/16/1964,74,14,12,72.0,17.0,11.0,-2.7777777777777777,17.647058823529413,-9.090909090909092
13,6/25/1964,6/30/1964,74,15,11,69.5,18.5,12.0,-6.474820143884892,18.91891891891892,8.333333333333332
14,11/20/1964,11/25/1964,70,19,11,70.0,16.5,13.5,0.0,-15.151515151515152,18.51851851851852
15,12/11/1964,12/16/1964,69,18,13,70.5,15.0,14.5,2.127659574468085,-20.0,10.344827586206897
16,1/7/1965,1/12/1965,71,15,14,69.0,16.5,14.5,-2.898550724637681,9.090909090909092,3.4482758620689653
17,1/28/1965,2/2/1965,70,15,15,68.0,18.0,14.0,-2.941176470588235,16.666666666666664,-7.142857142857142
18,2/19/1965,2/24/1965,68,18,14,68.5,19.5,12.0,0.7299270072992701,7.6923076923076925,-16.666666666666664
19,3/11/1965,3/16/1965,68,18,14,68.0,21.5,10.5,0.0,16.27906976744186,-33.33333333333333
20,3/18/1965,3/23/1965,69,21,10,65.5,22.0,12.5,-5.343511450381679,4.545454545454546,20.0
21,4/2/1965,4/7/1965,67,22,11,67.0,20.0,13.0,0.0,-10.0,15.384615384615385
22,4/23/1965,4/28/1965,64,22,14,69.5,18.5,12.0,7.913669064748201,-18.91891891891892,-16.666666666666664
23,5/13/1965,5/18/1965,70,18,12,67.0,20.0,13.0,-4.477611940298507,10.0,7.6923076923076925
24,6/4/1965,6/9/1965,69,19,12,65.0,20.5,14.5,-6.153846153846154,7.317073170731707,17.24137931034483
25,6/24/1965,6/29/1965,65,21,14,65.0,21.0,14.0,0.0,0.0,0.0
26,7/16/1965,7/21/1965,65,20,15,64.5,23.5,12.0,-0.7751937984496124,14.893617021276595,-25.0
27,8/5/1965,8/10/1965,65,22,13,63.5,24.5,12.0,-2.3622047244094486,10.204081632653061,-8.333333333333332
28,8/27/1965,9/1/1965,64,25,11,64.5,22.5,13.0,0.7751937984496124,-11.11111111111111,15.384615384615385
29,9/16/1965,9/21/1965,63,24,13,65.5,21.5,13.0,3.816793893129771,-11.627906976744185,0.0
30,10/8/1965,10/13/1965,66,21,13,63.5,22.0,14.5,-3.937007874015748,4.545454545454546,10.344827586206897
31,10/29/1965,11/2/1965,65,22,13,62.5,24.0,13.5,-4.0,8.333333333333332,3.7037037037037033
32,11/18/1965,11/23/1965,62,22,16,61.0,25.0,14.0,-1.639344262295082,12.0,-14.285714285714285
33,12/11/1965,12/16/1965,63,26,11,60.0,25.5,14.5,-5.0,-1.9607843137254901,24.137931034482758
34,12/31/1965,1/5/1966,59,24,17,58.5,30.5,11.0,-0.8547008547008548,21.311475409836063,-54.54545454545454
35,1/21/1966,1/26/1966,61,27,12,57.0,31.0,12.0,-7.017543859649122,12.903225806451612,0.0
36,2/10/1966,2/15/1966,56,34,10,57.5,28.0,14.5,2.608695652173913,-21.428571428571427,31.03448275862069
37,3/3/1966,3/8/1966,58,28,14,55.5,30.5,14.0,-4.504504504504505,8.19672131147541,0.0
38,3/24/1966,3/29/1966,57,28,15,50.0,33.5,16.5,-14.000000000000002,16.417910447761194,9.090909090909092
39,4/14/1966,4/19/1966,54,33,13,48.0,33.5,18.5,-12.5,1.4925373134328357,29.72972972972973
40,5/5/1966,5/10/1966,46,34,20,49.0,36.0,15.0,6.122448979591836,5.555555555555555,-33.33333333333333
41,5/19/1966,5/24/1966,50,33,17,52.0,34.5,13.5,3.8461538461538463,4.3478260869565215,-25.925925925925924
42,6/16/1966,6/21/1966,48,39,13,53.5,34.0,12.5,10.2803738317757,-14.705882352941178,-4.0
43,7/8/1966,7/13/1966,56,30,14,49.0,38.5,12.5,-14.285714285714285,22.07792207792208,-12.0
44,7/29/1966,8/3/1966,51,38,11,46.5,39.0,14.5,-9.67741935483871,2.564102564102564,24.137931034482758
45,8/18/1966,8/23/1966,47,39,14,45.0,40.5,14.5,-4.444444444444445,3.7037037037037033,3.4482758620689653
46,9/8/1966,9/13/1966,46,39,15,44.0,41.5,14.5,-4.545454545454546,6.024096385542169,-3.4482758620689653
47,10/1/1966,10/6/1966,44,42,14,46.5,38.0,15.5,5.376344086021505,-10.526315789473683,9.67741935483871
48,10/21/1966,10/26/1966,44,41,15,46.5,41.0,12.5,5.376344086021505,0.0,-20.0
49,11/10/1966,11/15/1966,49,35,16,45.5,42.0,12.5,-7.6923076923076925,16.666666666666664,-28.000000000000004
50,12/8/1966,12/13/1966,44,47,9,46.5,37.0,16.5,5.376344086021505,-27.027027027027028,45.45454545454545
51,1/7/1967,1/12/1967,47,37,16,45.5,39.5,15.0,-3.296703296703297,6.329113924050633,-6.666666666666667
52,1/26/1967,1/31/1967,46,37,17,45.0,41.5,13.5,-2.2222222222222223,10.843373493975903,-25.925925925925924
53,2/16/1967,2/21/1967,45,42,13,45.5,39.5,15.0,1.098901098901099,-6.329113924050633,13.333333333333334
54,3/9/1967,3/14/1967,45,41,14,47.0,37.5,15.5,4.25531914893617,-9.333333333333334,9.67741935483871
55,3/30/1967,4/4/1967,46,38,16,46.5,38.0,15.5,1.0752688172043012,0.0,-3.225806451612903
56,4/19/1967,4/24/1967,48,37,15,44.5,39.5,16.0,-7.865168539325842,6.329113924050633,6.25
57,5/11/1967,5/16/1967,45,39,16,47.5,37.5,15.0,5.263157894736842,-4.0,-6.666666666666667
58,6/2/1967,6/7/1967,44,40,16,49.0,37.0,14.0,10.204081632653061,-8.108108108108109,-14.285714285714285
59,6/22/1967,6/27/1967,51,35,14,43.5,43.5,13.0,-17.24137931034483,19.54022988505747,-7.6923076923076925
60,7/13/1967,7/18/1967,47,39,14,39.5,48.0,12.5,-18.9873417721519,18.75,-12.0
61,8/3/1967,8/8/1967,40,48,12,38.5,48.0,13.5,-3.896103896103896,0.0,11.11111111111111
62,8/24/1967,8/29/1967,39,48,13,38.0,49.0,13.0,-2.631578947368421,2.0408163265306123,0.0
63,9/14/1967,9/19/1967,38,48,14,39.5,49.5,11.0,3.79746835443038,3.0303030303030303,-27.27272727272727
64,10/6/1967,10/11/1967,38,50,12,41.5,47.5,11.0,8.433734939759036,-5.263157894736842,-9.090909090909092
65,10/27/1967,11/1/1967,41,49,10,44.0,43.5,12.5,6.8181818181818175,-12.643678160919542,20.0
66,11/16/1967,11/21/1967,42,46,12,47.0,40.0,13.0,10.638297872340425,-15.0,7.6923076923076925
67,12/7/1967,12/12/1967,46,41,13,44.5,43.0,12.5,-3.3707865168539324,4.651162790697675,-4.0
68,1/4/1968,1/9/1968,48,39,13,41.0,47.5,11.5,-17.073170731707318,17.894736842105264,-13.043478260869565
69,2/2/1968,2/7/1968,41,47,12,38.5,50.0,11.5,-6.493506493506493,6.0,-4.3478260869565215
70,2/22/1968,2/27/1968,41,48,11,43.0,45.0,12.0,4.651162790697675,-6.666666666666667,8.333333333333332
71,3/10/1968,3/15/1968,36,52,12,48.0,40.5,11.5,25.0,-28.39506172839506,-4.3478260869565215
72,4/4/1968,4/9/1968,50,38,12,43.5,44.0,12.5,-14.942528735632186,13.636363636363635,4.0
73,5/2/1968,5/7/1968,46,43,11,41.5,45.0,13.5,-10.843373493975903,4.444444444444445,18.51851851851852
74,5/23/1968,5/23/1968,41,45,14,41.0,46.0,13.0,0.0,2.1739130434782608,-7.6923076923076925
75,6/13/1968,6/18/1968,42,45,13,40.0,47.0,13.0,-5.0,4.25531914893617,0.0
76,6/26/1968,7/1/1968,40,47,13,37.5,49.5,13.0,-6.666666666666667,5.05050505050505,0.0
77,7/18/1968,7/23/1968,40,47,13,38.5,51.5,10.0,-3.896103896103896,8.737864077669903,-30.0
78,8/7/1968,8/12/1968,35,52,13,42.5,47.5,10.0,17.647058823529413,-9.473684210526317,-30.0
79,9/19/1968,9/24/1968,42,51,7,43.5,43.5,13.0,3.4482758620689653,-17.24137931034483,46.15384615384615
80,11/9/1968,11/14/1968,43,44,13,46.5,40.0,13.5,7.526881720430108,-10.0,3.7037037037037033
81,12/5/1968,12/10/1968,44,43,13,,,,,,
82,1/1/1969,1/6/1969,49,37,14,,,,,,
